{
	"_comment": "markers are expressed in centimeters, size is expressed in meters.\nMap scale uses the lowest distance for scale, and is expressed in pixels per meters.",
	"Al Basrah": {
		"markers": [[-160000.0, -160000.0], [160000.0,  160000.0]],
		"size": [3200, 3200],
		"scale": 1.28
	},
	"Belaya": {
		"markers": [[-195400.0, 182500.0] [195000.0, -208000.0]],
		"size": [3904, 3905],
		"scale": 1.049180327868852
	},
	"Chora Valley": {
		"markers": [[-246400.0, -266400.0], [159990.0, 140000.0]],
		"size": [4063.9, 4064],
		"scale": 1.007898816407884
	},
	"Fools Road": {
		"markers": [[-128857.890625, -132576.921875], [44722.125, 44805.078125]],
		"size": [1735.80015625, 1773.82],
		"scale": 2.359718861620002
	},
	"Gorodok": {
		"markers": [ [-207000.0, 227000.0], [227000.0, -207000.0]],
		"size": [4340, 4340],
		"scale": 0.943778801843318
	},
	"Jensens Range": {
		"markers": [[-72300.75, -54409.25], [78780.78125, 96522.648438]],
		"size": [1510.8153125, 1509.31898438],
		"scale": 2.712762434598318
	},
	"Kokan": {
		"markers": [[-107634.9375, -107566.75], [142013.671875, 142013.671875]],
		"size": [2496.48609375, 2495.80421875],
		"scale": 1.641157144001923
	},
	"Kohat Toi": {
		"markers": [-200000.0, -200000.0], [201700.0, 201700.0],
		"size": [4017, 4017],
		"scale": 1.01966641772467
	} 
	"Logar Valley" {
		"markers": [[-88145.140625, -113238.757813], [87978.328125, 62921.710938]],
		"size": [1761.2346875, 1761.60468751],
		"scale": 2.325687031569385
	},
	"Mestia" {
		"markers": [[-120000.0, -110000.0], [120000.0, 130000.0]],
		"size": [2400, 2400],
		"scale": 1.706666666666667
	},
	"Narva": {
		"markers": [[-138970.6875, 139792.515625], [141029.375, -140207.4375]],
		"size": [2800.000625, 2799.99953125],
		"scale": 1.462857142857143
	},
	"OP First Light": {
		"markers": [[-110000.0, -110000.0], [10000.0, 10000.0]],
		"size": [1200, 1200],
		"scale": 3.413333333333333
	},
	"Yehorivka": {
		"markers": [[-201700.0, 201700.0], [201700.0, -201700.0]],
		"sizes": [4034, 4034],
		"scale": 1.015369360436292
	}
}